Keyword,Aliases
yesstyle,
rentox,
olive young,oliveyoung
innisfree,
reedle shot,reedleshot
jolse,
cell fusion c,cellfusionc
history of whoo,historyofwhoo
the whoo,thewhoo
ohui,
belif,
nabota,
jeuveau,
merzy,
missha,
a'pieu,apieu
madeca,
centellian,
innotox,
newlux,
sulwhasoo,
laneige,
iope,
mamonde,
cosrx,
atopalm,
real barrier,realbarrier
rom&nd,romnd
botulax,
letybo,
wellage,
shurink,
volnewmer,
ultraformer,
acropass,
tonymoly,
boncept,
rejuran,
mixoon,
peripera,
goodal,
jevegel,
stylekorean,
medicube,
age-r,
booster pro,boosterpro
hi focus shot,hifocusshot
sylfirm,
oligio,
mighty patch,mightypatch
manyo,
coolfase,
bbia,
juvelook,
potenza,
stylevana,
beauty of joseon,beautyofjoseon
dalba,
anua,
hwahae,
biodance,
numbuzin,
be the skin,betheskin
round lab,roundlab
skin1004,
torriden,
tirtir,